,Note_ID,Grade,Rate_%,Effective_Rate_%,Term,PD_%,Funding,Funded_%
0,1118,D7,11.68,20.90,12,6.3,"20,000.00",100.00
1,1116,D8,13.28,23.72,24,9.25,"50,000.00",100.00
2,1115,D7,12.18,21.88,24,8.42,"30,000.00",100.00
3,1114,C6,12.08,21.33,36,4.69,"50,000.00",100.00
4,1113,C6,13.20,23.53,12,5.33,"55,000.00",100.00
5,1111,D7,10.73,19.13,36,7.14,"100,000.00",100.00
6,1110,A1,9.78,17.55,36,2.49,"70,000.00",100.00
7,1109,A1,9.78,17.55,36,2.03,"70,000.00",100.00
8,1108,D7,11.43,20.27,36,6.18,"100,000.00",100.00
9,1107,D7,11.43,20.27,36,8.42,"70,000.00",100.00
10,1106,D7,12.68,22.30,36,7.9,"50,000.00",100.00
11,1105,A1,9.78,17.78,24,2.17,"30,000.00",100.00
12,1104,D7,10.73,19.13,36,6.1,"100,000.00",100.00
13,1103,A1,9.78,17.78,24,0.34,"30,000.00",100.00
14,1102,D8,10.98,19.68,12,9.55,"100,000.00",100.00
15,1101,D8,13.28,23.26,36,10.48,"70,000.00",100.00
16,1100,D8,12.78,22.46,36,9.25,"70,000.00",100.00
17,1099,D8,11.93,21.09,36,10.81,"60,000.00",100.00
18,1098,D8,12.78,22.46,36,11.15,"55,000.00",100.00
19,1097,D7,12.19,21.51,36,7.41,"100,000.00",100.00
20,1096,D7,12.19,21.51,36,6.95,"100,000.00",100.00
21,1095,B4,10.58,19.15,24,3.6,"20,000.00",100.00
22,1094,A1,9.28,16.72,36,0.61,"50,000.00",100.00
23,1093,D8,12.78,22.46,36,9.25,"100,000.00",100.00
24,1092,A1,9.78,17.55,36,0.83,"70,000.00",100.00
25,1091,D7,11.43,20.27,36,8.42,"40,000.00",100.00
26,1090,D7,12.18,21.88,24,6.1,"20,000.00",100.00
27,1089,C6,11.58,20.52,36,5.91,"70,000.00",100.00
28,1088,C6,11.58,20.52,36,5.72,"70,000.00",100.00
29,1087,D8,13.28,23.26,36,11.5,"70,000.00",100.00
30,1086,C6,12.08,21.33,36,5.01,"70,000.00",100.00
31,1085,C6,12.08,21.71,24,5.72,"20,000.00",100.00
32,1083,D8,11.23,19.95,36,10.44,"100,000.00",100.00
33,1082,D8,11.93,21.09,36,9.66,"70,000.00",100.00
34,1081,D8,13.28,23.26,36,10.81,"70,000.00",100.00
35,1080,D7,12.18,21.49,36,6.51,"70,000.00",100.00
36,1079,C5,11.08,19.70,36,3.85,"70,000.00",100.00
37,1078,B3,10.59,18.89,36,3.37,"70,000.00",100.00
38,1077,A1,9.28,16.72,36,0.81,"60,000.00",100.00
39,1076,D7,10.73,19.13,36,7.38,"100,000.00",100.00
40,1075,D7,12.69,22.31,36,7.41,"70,000.00",100.00
41,1074,A1,9.28,16.72,36,0.3,"60,000.00",100.00
42,1073,D7,12.19,21.51,36,8.97,"50,000.00",100.00
43,1072,D7,12.19,21.51,36,6.73,"61,100.00",100.00
44,1071,C6,12.08,21.33,36,4.85,"70,000.00",100.00
45,1069,D8,12.28,22.04,24,10.48,"70,000.00",100.00
46,1068,D7,11.43,20.27,36,8.69,"100,000.00",100.00
47,1067,A1,9.28,16.71,36,2.49,"70,000.00",100.00
48,1066,A1,9.78,17.55,36,0.66,"70,000.00",100.00
49,1063,D7,12.19,21.51,36,6.3,"100,000.00",100.00
50,1062,D7,12.19,21.51,36,8.15,"48,000.00",100.00
51,1061,B3,10.59,19.17,24,3.48,"20,000.00",100.00
52,1060,A1,9.78,17.78,24,1.83,"20,000.00",100.00
53,1059,D8,12.78,22.46,36,9.55,"50,000.00",100.00
54,1058,C6,12.08,21.33,36,5.72,"70,000.00",100.00
55,1057,C6,10.93,19.75,24,4.39,"52,100.00",100.00
56,1056,D8,11.23,19.95,36,9.25,"100,000.00",54.85
57,1055,D8,13.28,23.26,36,11.5,"70,000.00",97.29
58,1054,D8,11.48,20.35,36,9.55,"70,000.00",100.00
59,1053,D7,10.73,19.13,36,7.38,"100,000.00",78.95
60,1052,D7,10.98,19.54,36,8.15,"70,000.00",100.00
61,1051,B3,9.79,17.57,36,3.47,"70,000.00",100.00
62,1050,A1,9.78,17.78,24,2.75,"30,000.00",100.00
63,1048,D8,13.28,23.26,36,9.55,"70,000.00",100.00
64,1047,D8,12.78,22.89,24,9.85,"50,000.00",100.00
65,1046,D7,10.73,19.13,36,6.73,"100,000.00",96.10
66,1045,B4,9.93,17.80,36,3.58,"100,000.00",100.00
67,1044,C6,9.98,17.94,12,5.35,"50,000.00",100.00
68,1042,D8,11.23,20.26,24,9.22,"150,000.00",100.00
69,1041,D8,11.23,19.95,36,9.55,"70,000.00",100.00
70,1040,D7,12.19,21.51,36,8.15,"100,000.00",96.40
71,1039,D7,10.98,19.54,36,8.25,"70,000.00",100.00
72,1038,D7,12.19,21.51,36,8.97,"50,000.00",100.00
73,1037,D7,12.19,21.51,36,8.15,"50,000.00",100.00
74,1036,A1,9.78,17.55,36,1.02,"70,000.00",100.00
75,1035,A1,9.28,16.72,36,1.6,"60,000.00",100.00
76,1032,D7,12.19,21.51,36,7.41,"100,000.00",100.00
77,1031,D7,10.73,19.13,36,8.25,"100,000.00",87.45
78,1030,D7,10.73,19.13,36,8.15,"100,000.00",100.00
79,1029,D8,12.78,22.89,24,10.16,"40,000.00",100.00
80,1028,C6,11.58,20.52,36,4.69,"60,000.00",100.00
81,1026,D8,12.78,22.46,36,10.81,"100,000.00",100.00
82,1025,D7,10.98,19.54,36,8.25,"100,000.00",100.00
83,1024,D7,12.69,22.31,36,6.73,"70,000.00",100.00
84,1023,D7,11.43,20.27,36,7.41,"70,000.00",100.00
85,1022,D7,11.43,20.27,36,7.41,"70,000.00",100.00
86,1021,D7,12.69,22.31,36,6.73,"70,000.00",100.00
87,1020,C6,12.08,21.33,36,4.39,"70,000.00",100.00
88,1017,D8,11.93,21.09,36,9.25,"100,000.00",82.10
89,1016,D7,12.69,22.31,36,6.3,"70,000.00",100.00
90,1015,C5,11.08,20.01,24,3.85,"30,000.00",100.00
91,1014,B3,10.09,18.07,36,3.37,"100,000.00",100.00
92,1011,D8,12.78,22.46,36,11.15,"100,000.00",52.90
93,1010,D8,13.28,23.26,36,11.15,"70,000.00",100.00
94,1009,D7,12.19,21.51,36,7.9,"100,000.00",100.00
95,1008,D7,12.19,21.51,36,6.95,"100,000.00",100.00
96,1007,D7,11.43,20.27,36,6.28,"100,000.00",100.00
97,1006,D7,10.73,19.13,36,8.69,"70,000.00",100.00
98,1005,D7,10.73,19.13,36,7.17,"70,000.00",100.00
99,1004,D7,11.43,20.27,36,6.49,"70,000.00",100.00
100,1003,D7,12.68,22.72,24,8.15,"50,000.00",100.00
101,1002,C5,11.58,20.52,36,3.85,"50,000.00",100.00
102,1001,D7,11.68,20.90,12,7.65,"100,000.00",100.00
103,997,D8,13.28,23.26,36,10.48,"70,000.00",100.00
104,996,D7,12.69,22.31,36,7.41,"50,000.00",100.00
105,995,D7,12.19,21.89,24,7.9,"30,000.00",100.00
106,994,A1,9.28,16.91,24,0.73,"30,000.00",100.00
107,990,D8,12.78,22.46,36,11.15,"100,000.00",85.90
108,989,D8,12.78,22.46,36,10.81,"100,000.00",100.00
109,988,D8,13.28,23.72,24,9.85,"50,000.00",100.00
110,987,C6,10.23,18.30,36,5.69,"70,000.00",100.00
111,986,C6,11.58,20.86,24,5.01,"30,000.00",100.00
112,985,C5,10.43,18.90,24,3.83,"25,000.00",100.00
113,984,B3,10.09,18.07,36,3.48,"50,000.00",100.00
114,983,A2,9.04,16.50,24,3.13,"30,000.00",100.00
115,982,A1,9.78,17.78,24,1.9,"30,000.00",100.00
116,977,D8,11.23,19.95,36,10.48,"70,000.00",100.00
117,976,C6,11.58,20.86,24,5.53,"50,000.00",100.00
118,975,A2,9.69,17.40,36,3.15,"70,000.00",100.00
119,974,A1,9.78,17.55,36,0.68,"70,000.00",100.00
120,973,A1,9.28,16.91,24,1.06,"30,000.00",100.00
121,970,D8,11.93,21.09,36,9.36,"80,000.00",98.69
122,969,D8,11.23,20.26,24,11.15,"41,600.00",100.00
123,968,D7,11.43,20.27,36,8.97,"100,000.00",97.30
124,967,D7,12.19,21.51,36,8.42,"100,000.00",100.00
125,966,D7,10.98,19.54,36,7.38,"100,000.00",100.00
126,965,C6,11.58,20.52,36,5.01,"100,000.00",100.00
127,964,C6,12.08,21.33,36,5.91,"70,000.00",100.00
128,963,C6,12.08,21.33,36,4.69,"70,000.00",100.00
129,962,C6,10.23,18.30,36,4.3,"70,000.00",100.00
130,961,C6,11.58,20.86,24,4.69,"20,000.00",100.00
131,960,A1,9.28,16.72,36,2.66,"100,000.00",100.00
132,959,A1,8.78,15.83,12,1.65,"63,000.00",100.00
133,958,D8,11.23,19.95,36,10.81,"100,000.00",100.00
134,957,D8,13.28,23.26,36,11.15,"50,000.00",100.00
135,956,C6,12.08,21.33,36,4.25,"70,000.00",100.00
136,955,A1,9.78,17.55,36,0.99,"70,000.00",100.00
137,954,A1,9.78,17.78,24,2.03,"50,000.00",100.00
138,952,D8,11.23,19.95,36,9.85,"100,000.00",100.00
139,951,D8,12.78,22.46,36,9.85,"70,000.00",100.00
140,950,D7,10.98,19.54,36,8.69,"100,000.00",100.00
141,949,D7,12.69,22.31,36,6.73,"60,000.00",100.00
142,948,C6,10.23,18.30,36,5.35,"150,000.00",100.00
143,947,C6,10.93,19.45,36,5.53,"50,000.00",100.00
144,946,C5,10.43,18.90,24,3.72,"150,000.00",100.00
145,945,A1,9.78,17.55,36,1.02,"70,000.00",100.00
146,943,D7,12.18,21.49,36,7.41,"100,000.00",100.00
147,942,D7,12.19,21.51,36,8.15,"70,000.00",100.00
148,941,D7,12.69,22.31,36,7.41,"49,900.00",100.00
149,940,D8,12.78,22.46,36,10.16,"80,000.00",100.00
150,939,D8,12.78,22.81,12,11.15,"70,000.00",100.00
151,938,D7,12.19,21.51,36,6.95,"100,000.00",100.00
152,937,D7,12.18,21.49,36,7.17,"70,000.00",100.00
153,936,D7,11.43,20.27,36,8.15,"50,000.00",100.00
154,935,A1,9.78,17.55,36,2.25,"70,000.00",100.00
155,932,D7,10.98,19.54,36,8.65,"100,000.00",100.00
156,931,D7,12.19,21.51,36,7.17,"70,000.00",100.00
157,927,D7,11.43,20.27,36,8.97,"80,000.00",100.00
158,926,D7,12.68,22.30,36,8.42,"70,000.00",100.00
159,925,D7,12.19,21.89,24,7.17,"50,000.00",100.00
160,924,C6,11.58,20.52,36,4.69,"60,000.00",100.00
161,923,C6,11.58,20.52,36,5.01,"33,300.00",100.00
162,922,C6,10.23,18.30,36,5.72,"30,000.00",100.00
163,921,A1,9.78,17.55,36,1.1,"70,000.00",100.00
164,920,A1,9.28,16.72,36,2.49,"50,000.00",100.00
165,919,A1,9.28,16.91,24,0.68,"50,000.00",100.00
166,916,C6,11.58,20.52,36,4.25,"60,000.00",100.00
167,915,C6,11.58,20.52,36,5.35,"70,000.00",100.00
168,914,C5,10.43,18.63,36,3.98,"100,000.00",100.00
169,913,A1,9.78,17.55,36,0.73,"70,000.00",100.00
170,912,A1,9.78,17.78,24,1.39,"50,000.00",100.00
171,907,C6,10.23,18.30,36,4.69,"50,000.00",100.00
172,906,A1,9.28,16.72,36,1.18,"100,000.00",100.00
173,905,A1,9.28,16.72,36,2.1,"83,300.00",100.00
174,902,D7,11.43,20.27,36,6.51,"70,000.00",100.00
175,901,D7,11.43,20.60,24,6.3,"30,000.00",100.00
176,900,C6,11.28,20.35,24,4.54,"70,000.00",100.00
177,899,C6,12.08,21.33,36,4.85,"50,000.00",100.00
178,898,D7,12.69,22.31,36,7.17,"70,000.00",100.00
179,897,D7,10.73,19.41,24,6.1,"100,000.00",100.00
180,896,B3,10.09,18.07,36,3.37,"65,000.00",100.00
181,895,A1,9.28,16.91,24,1.6,"100,000.00",100.00
182,892,D7,12.69,22.31,36,8.42,"30,000.00",100.00
183,891,D7,12.69,22.31,36,7.17,"70,000.00",100.00
184,890,D7,12.19,21.51,36,6.73,"60,000.00",100.00
185,889,C6,12.08,21.33,36,5.91,"70,000.00",100.00
186,888,D8,12.78,22.89,24,9.85,"20,000.00",100.00
187,887,D7,12.19,21.51,36,6.1,"70,000.00",100.00
188,886,D7,10.48,17.30,5,6.7,"50,000.00",100.00
189,885,C6,11.58,20.52,36,5.01,"100,000.00",100.00
190,884,C6,10.23,18.30,36,5.25,"70,000.00",100.00
191,883,C6,12.08,21.33,36,4.69,"50,000.00",100.00
192,882,A1,9.78,17.55,36,0.36,"70,000.00",100.00
193,879,D8,11.93,21.09,36,11.86,"70,000.00",100.00
194,878,D8,12.28,21.65,36,10.48,"50,000.00",100.00
195,877,D8,11.93,21.45,24,10.12,"100,000.00",100.00
196,876,C6,10.23,18.55,24,4.23,"100,000.00",100.00
197,873,D7,11.43,20.27,36,7.38,"70,000.00",100.00
198,872,D7,11.43,20.27,36,8.42,"70,000.00",100.00
199,871,C6,11.58,20.52,36,4.54,"70,000.00",100.00
200,870,A2,9.39,16.90,36,3.13,"100,000.00",100.00
201,869,A1,9.78,17.78,24,0.61,"30,000.00",100.00
202,864,D8,13.28,23.26,36,11.15,"70,000.00",100.00
203,863,D8,12.78,22.89,24,11.15,"50,000.00",100.00
204,862,D7,12.19,21.51,36,8.42,"70,000.00",100.00
205,859,D8,13.28,23.26,36,10.48,"50,000.00",100.00
206,858,D8,12.78,22.46,36,9.85,"50,000.00",100.00
207,857,D7,11.43,20.27,36,7.65,"70,000.00",95.50
208,856,D7,12.19,21.51,36,8.15,"50,000.00",100.00
209,855,D7,12.19,21.51,36,6.1,"70,000.00",98.14
210,854,C6,11.58,20.86,24,5.72,"50,000.00",100.00
211,851,D8,12.78,22.46,36,9.25,"70,000.00",67.79
212,850,D8,10.98,19.84,24,9.25,"50,000.00",100.00
213,849,D7,12.19,21.51,36,7.9,"70,000.00",99.29
214,848,A1,9.78,17.55,36,0.48,"50,000.00",100.00
215,847,D8,12.28,21.65,36,11.5,"70,000.00",66.00
216,846,D7,12.19,21.51,36,6.95,"100,000.00",89.65
217,845,D7,10.73,19.13,36,6.3,"100,000.00",91.20
218,844,C6,10.93,19.45,36,5.6,"100,000.00",100.00
219,843,A1,9.28,16.72,36,2.1,"60,000.00",100.00
220,842,A1,9.78,17.55,36,2.57,"70,000.00",100.00
221,840,D8,11.93,21.09,36,10.12,"100,000.00",46.55
222,839,A1,9.78,17.55,36,1.77,"70,000.00",100.00
223,837,D8,11.23,20.26,24,11.86,"80,000.00",89.13
224,836,D8,11.23,20.26,24,9.25,"50,000.00",100.00
225,835,D7,10.73,19.13,36,7.9,"59,000.00",100.00
226,834,D7,12.19,21.51,36,6.3,"58,000.00",100.00
227,833,D7,11.43,20.27,36,7.65,"100,000.00",58.00
228,832,D7,10.73,19.13,36,6.49,"100,000.00",88.95
229,831,D7,12.19,21.51,36,7.41,"100,000.00",95.50
230,830,C6,10.23,18.30,36,4.39,"70,000.00",100.00
231,829,A1,9.78,17.55,36,2.84,"70,000.00",100.00
232,828,A1,9.78,17.55,36,2.32,"70,000.00",100.00
233,826,D8,11.23,19.95,36,11.5,"100,000.00",42.35
234,825,D8,11.23,19.95,36,10.16,"80,000.00",93.75
235,824,A1,9.28,16.91,24,2.1,"70,000.00",100.00
236,821,D8,11.23,19.95,36,9.25,"100,000.00",52.25
237,820,D7,12.19,21.51,36,7.54,"100,000.00",100.00
238,819,D7,10.73,19.13,36,6.18,"100,000.00",96.45
239,818,A1,9.28,16.91,24,0.89,"30,000.00",100.00
240,816,D8,11.23,19.95,36,10.16,"100,000.00",58.60
241,815,C6,12.08,21.33,36,5.91,"70,000.00",100.00
242,814,A1,9.78,17.55,36,1.54,"70,000.00",100.00
243,810,D8,13.28,23.26,36,11.5,"70,000.00",71.00
244,809,D8,13.28,23.26,36,10.16,"70,000.00",82.00
245,808,D8,13.28,23.26,36,10.16,"50,000.00",100.00
246,807,D7,11.43,20.27,36,8.42,"100,000.00",80.25
247,806,D7,10.73,19.13,36,8.38,"100,000.00",81.15
248,805,D7,12.18,21.49,36,8.42,"50,000.00",100.00
249,804,D7,12.19,21.51,36,8.42,"50,000.00",100.00
250,803,C6,11.58,20.86,24,5.01,"40,000.00",100.00
251,802,B3,10.59,18.89,36,3.48,"70,000.00",100.00
252,801,B3,10.59,18.89,36,3.25,"70,000.00",100.00
253,800,D8,11.23,19.95,36,11.86,"100,000.00",65.40
254,799,D8,12.78,22.46,36,10.16,"70,000.00",100.00
255,798,C6,12.08,21.33,36,5.91,"30,000.00",100.00
256,797,C6,11.58,20.52,36,5.91,"20,000.00",100.00
257,793,D8,12.78,22.46,36,9.55,"70,000.00",58.86
258,792,D8,12.78,22.46,36,9.85,"50,000.00",91.10
259,791,D8,11.23,19.95,36,10.16,"100,000.00",49.65
260,790,D8,12.78,22.46,36,11.5,"100,000.00",50.70
261,789,D7,11.43,20.27,36,6.95,"100,000.00",83.20
262,788,D7,11.69,21.11,18,6.51,"100,000.00",100.00
263,787,D7,10.73,19.13,36,7.9,"100,000.00",84.35
264,786,D7,12.68,22.30,36,6.51,"30,000.00",100.00
265,785,C6,12.08,21.33,36,5.72,"50,000.00",100.00
266,784,A1,9.28,16.72,36,2.25,"100,000.00",100.00
267,783,D8,13.28,23.26,36,10.81,"70,000.00",96.57
268,782,D7,12.19,21.51,36,8.15,"100,000.00",87.05
269,781,D8,13.28,23.26,36,10.16,"70,000.00",80.29
270,780,D8,11.93,21.09,36,9.25,"70,000.00",82.00
271,779,D7,10.73,19.13,36,8.42,"100,000.00",85.00
272,778,D7,10.73,19.13,36,8.15,"100,000.00",87.90
273,777,D7,11.43,20.27,36,8.42,"100,000.00",100.00
274,776,D7,11.43,20.27,36,7.38,"100,000.00",89.90
275,775,D7,11.43,20.60,24,7.65,"55,000.00",100.00
276,774,A1,9.28,16.72,36,0.63,"100,000.00",100.00
277,773,A1,9.78,17.55,36,1.83,"50,000.00",100.00
278,771,D7,12.68,22.30,36,6.1,"50,000.00",100.00
279,770,C6,12.08,21.33,36,5.35,"70,000.00",100.00
280,769,D8,11.48,20.35,36,12.0,"100,000.00",100.00
281,768,D7,11.43,20.27,36,8.15,"100,000.00",52.60
282,767,C6,11.58,20.52,36,5.72,"100,000.00",100.00
283,766,C6,10.23,18.30,36,5.35,"100,000.00",100.00
284,765,A1,9.78,17.55,36,2.66,"60,000.00",100.00
285,764,A1,9.28,16.72,36,2.57,"50,000.00",100.00
286,763,D8,13.28,23.26,36,10.16,"70,000.00",85.86
287,762,D7,10.73,19.13,36,7.9,"100,000.00",88.20
288,761,C6,10.23,18.30,36,5.25,"200,000.00",86.75
289,760,A1,9.28,16.72,36,1.65,"80,000.00",100.00
290,759,A1,9.78,17.55,36,0.61,"20,000.00",100.00
291,757,D7,12.69,22.31,36,8.42,"70,000.00",100.00
292,756,C6,12.08,21.71,24,4.25,"46,600.00",100.00
293,755,C6,12.08,21.33,36,5.35,"60,000.00",100.00
294,754,B3,10.59,18.89,36,3.25,"60,000.00",100.00
295,753,A1,9.78,17.55,36,0.33,"70,000.00",100.00
296,749,D7,12.19,21.89,24,6.1,"100,000.00",100.00
297,748,D7,12.18,21.49,36,7.41,"70,000.00",100.00
298,747,D7,12.69,22.31,36,6.1,"50,000.00",100.00
299,746,C6,12.08,21.33,36,5.35,"70,000.00",100.00
300,745,A2,9.69,17.40,36,3.15,"70,000.00",100.00
301,743,C6,11.58,20.86,24,4.69,"100,000.00",100.00
302,742,C5,10.43,18.63,36,3.85,"150,000.00",100.00
303,741,A1,9.28,16.72,36,1.1,"100,000.00",100.00
304,740,D7,12.19,21.51,36,6.73,"100,000.00",100.00
305,739,D7,11.43,20.27,36,8.97,"100,000.00",98.55
306,738,D7,12.19,21.51,36,7.41,"70,000.00",97.86
307,737,D8,13.28,23.26,36,11.15,"20,000.00",100.00
308,736,C6,12.08,21.71,24,4.69,"70,000.00",100.00
309,734,D8,11.48,20.69,24,10.48,"100,000.00",92.00
310,733,D8,13.28,23.26,36,11.5,"70,000.00",93.86
311,732,D7,12.19,21.51,36,7.41,"50,000.00",100.00
312,731,A1,9.28,16.72,36,2.17,"100,000.00",100.00
313,730,D8,13.28,23.26,36,9.25,"70,000.00",100.00
314,729,D7,11.43,20.27,36,6.18,"100,000.00",100.00
315,728,D7,10.73,19.13,36,7.9,"100,000.00",100.00
316,727,D7,12.69,22.31,36,7.41,"70,000.00",100.00
317,726,C6,12.08,21.33,36,5.72,"70,000.00",100.00
318,725,C5,10.58,18.99,12,3.72,"50,000.00",100.00
319,724,A1,9.78,17.55,36,0.92,"50,000.00",100.00
320,722,D7,10.73,19.41,24,8.15,"100,000.00",100.00
321,721,A1,9.78,17.55,36,1.39,"70,000.00",100.00
322,719,D8,12.78,22.46,36,11.15,"50,000.00",100.00
323,718,D7,11.69,20.92,12,6.3,"100,000.00",100.00
324,717,C5,11.58,20.52,36,3.85,"70,000.00",100.00
325,716,A1,9.78,17.55,36,1.02,"70,000.00",100.00
326,715,A1,9.78,17.55,36,0.83,"70,000.00",100.00
327,714,D7,10.73,19.13,36,8.69,"100,000.00",100.00
328,713,D7,11.69,20.92,12,7.65,"46,600.00",100.00
329,711,D7,10.98,19.54,36,8.65,"100,000.00",98.70
330,710,C5,11.58,20.52,36,4.11,"70,000.00",100.00
331,709,A2,9.04,16.31,36,3.13,"100,000.00",100.00
332,707,D8,11.23,19.95,36,12.6,"100,000.00",52.10
333,706,D7,10.73,19.13,36,8.12,"100,000.00",89.30
334,705,C6,10.93,19.45,36,5.72,"100,000.00",100.00
335,702,D8,12.78,22.46,36,11.15,"70,000.00",72.93
336,701,D7,10.73,19.13,36,8.42,"100,000.00",100.00
337,700,D7,10.73,19.13,36,7.38,"100,000.00",100.00
338,699,C6,10.93,19.75,24,5.35,"100,000.00",100.00
339,698,C6,10.23,18.55,24,5.35,"150,000.00",100.00
340,697,C5,10.43,18.63,36,3.98,"115,000.00",100.00
341,696,B3,10.09,18.07,36,3.48,"100,000.00",100.00
342,695,A1,9.28,16.71,36,2.32,"70,000.00",100.00
343,694,D8,11.23,19.95,36,10.16,"100,000.00",81.60
344,693,D8,11.93,21.45,24,10.77,"100,000.00",100.00
345,692,D7,12.19,21.51,36,6.95,"86,600.00",100.00
346,691,D8,12.78,22.46,36,9.25,"100,000.00",85.80
347,690,D8,11.23,19.95,36,11.86,"100,000.00",80.10
348,689,D7,12.19,21.51,36,6.51,"100,000.00",100.00
349,688,D7,12.19,21.89,24,6.3,"80,000.00",100.00
350,687,A1,9.28,16.71,12,0.51,"100,000.00",100.00
351,686,D8,11.93,21.09,36,10.48,"100,000.00",88.75
352,685,D7,11.43,20.27,36,8.12,"100,000.00",100.00
353,684,D7,12.19,21.89,24,7.41,"22,200.00",100.00
354,683,B3,10.59,19.17,24,3.25,"70,000.00",100.00
355,680,D8,11.93,21.09,36,10.16,"37,500.00",100.00
356,679,D7,12.69,22.31,36,7.9,"70,000.00",100.00
357,671,D7,12.69,22.31,36,7.9,"70,000.00",100.00
358,670,D8,13.28,23.72,24,9.25,"70,000.00",100.00
359,669,D8,11.93,21.09,36,10.77,"70,000.00",100.00
360,668,A1,9.28,16.72,36,1.49,"100,000.00",100.00
361,666,D7,10.73,19.13,36,6.51,"100,000.00",100.00
362,665,C6,10.23,18.30,36,5.08,"95,800.00",100.00
363,663,D7,11.43,20.27,36,6.49,"100,000.00",100.00
364,662,D7,10.98,19.54,36,8.97,"70,000.00",100.00
365,661,C6,11.58,20.52,36,5.35,"30,500.00",100.00
366,660,D7,12.19,21.51,36,7.41,"33,900.00",100.00
367,659,D7,11.78,20.84,36,8.69,"70,000.00",100.00
368,658,C6,10.23,18.30,36,5.98,"200,000.00",95.15
369,657,D8,12.78,22.46,36,9.25,"100,000.00",83.50
370,656,D7,12.19,21.51,36,6.73,"70,000.00",100.00
371,655,C6,12.08,21.71,24,4.69,"70,000.00",100.00
372,654,A2,8.34,15.13,36,3.03,"150,000.00",100.00
373,653,A1,9.78,17.55,36,0.68,"70,000.00",100.00
374,650,D8,13.28,23.26,36,10.81,"70,000.00",100.00
375,649,D7,10.73,19.13,36,6.38,"100,000.00",100.00
376,648,B3,10.09,18.07,36,3.48,"70,000.00",100.00
377,645,A1,9.28,16.72,36,2.49,"100,000.00",100.00
378,644,D8,13.28,23.26,36,10.16,"70,000.00",100.00
379,643,C6,11.58,20.52,36,4.85,"100,000.00",100.00
380,642,D7,10.73,19.13,36,7.65,"100,000.00",100.00
381,641,D8,11.93,21.09,36,11.15,"70,000.00",92.93
382,640,A1,9.28,16.72,36,0.83,"100,000.00",100.00
383,638,D8,11.93,21.09,36,9.55,"60,000.00",100.00
384,637,D7,10.73,19.13,36,7.41,"100,000.00",100.00
385,636,D7,11.78,20.84,36,8.69,"70,000.00",100.00
386,635,D7,11.78,20.84,36,6.73,"20,000.00",100.00
387,634,A1,9.78,17.55,36,1.96,"70,000.00",100.00
388,633,D8,12.78,22.46,36,10.16,"100,000.00",100.00
389,632,D8,11.93,21.09,36,9.55,"100,000.00",82.80
390,631,C6,11.58,20.52,36,5.01,"100,000.00",100.00
391,630,A1,9.28,16.72,36,2.1,"60,000.00",100.00
392,629,D7,12.19,21.51,36,8.15,"55,000.00",100.00
393,628,D8,11.93,21.45,24,11.15,"20,000.00",100.00
394,627,D8,13.28,23.26,36,10.48,"70,000.00",100.00
395,624,A1,9.28,16.91,24,1.3,"33,300.00",100.00
396,623,A1,9.28,16.71,36,1.49,"30,000.00",100.00
397,622,C6,11.58,20.52,36,5.35,"43,600.00",100.00
398,621,D7,11.43,20.60,24,8.42,"27,700.00",100.00
399,620,D7,10.98,19.84,24,6.95,"100,000.00",100.00
400,619,D8,11.48,20.35,36,9.66,"100,000.00",86.10
401,618,A1,9.28,16.72,36,1.77,"20,000.00",100.00
402,613,A1,9.78,17.55,36,0.73,"70,000.00",100.00
403,612,D7,10.73,19.41,24,6.3,"37,500.00",100.00
404,611,D7,12.69,22.31,36,6.51,"50,000.00",100.00
405,610,D7,12.19,21.89,24,6.95,"100,000.00",100.00
406,609,D7,12.19,21.51,36,8.97,"70,000.00",100.00
407,608,D7,10.73,19.13,36,6.08,"100,000.00",100.00
408,607,D8,13.28,23.26,36,11.15,"70,000.00",100.00
409,606,D8,13.28,23.26,36,11.5,"70,000.00",100.00
410,602,D7,12.69,22.31,36,7.17,"70,000.00",100.00
411,601,A2,9.04,16.50,24,3.13,"110,000.00",100.00
412,600,D7,12.69,22.31,36,6.51,"70,000.00",100.00
413,599,D7,10.73,19.41,24,8.97,"100,000.00",100.00
414,598,D7,10.73,19.13,36,8.12,"100,000.00",100.00
415,597,D8,11.23,19.95,36,11.86,"100,000.00",100.00
416,594,C5,11.08,19.70,36,3.98,"100,000.00",100.00
417,593,C6,10.93,19.45,36,5.18,"100,000.00",100.00
418,592,D7,12.69,22.31,36,7.9,"70,000.00",100.00
419,591,D7,12.69,22.31,36,8.15,"70,000.00",100.00
420,588,D7,12.69,22.31,36,7.17,"70,000.00",100.00
421,587,D8,12.78,22.46,36,10.48,"50,000.00",100.00
422,586,D7,10.73,19.13,36,7.17,"100,000.00",100.00
423,584,D8,12.78,22.46,36,11.15,"100,000.00",100.00
424,583,D8,11.93,21.09,36,9.85,"100,000.00",100.00
425,581,B3,10.09,18.07,36,3.25,"50,000.00",100.00
426,580,C5,10.78,19.21,36,3.96,"100,000.00",100.00
427,579,D7,10.73,19.41,24,7.74,"100,000.00",100.00
428,578,D8,11.23,20.26,24,10.81,"100,000.00",100.00
429,577,D8,11.23,19.95,36,11.86,"100,000.00",100.00
430,576,D7,12.19,21.89,24,8.69,"33,300.00",100.00
431,575,D7,12.19,21.89,24,8.15,"100,000.00",100.00
432,574,D7,12.19,21.51,36,7.17,"80,000.00",100.00
433,572,A1,9.78,17.55,36,2.84,"20,000.00",100.00
434,571,A1,9.28,16.91,24,2.49,"35,000.00",100.00
435,570,A2,9.04,16.31,36,3.08,"120,000.00",100.00
436,569,D7,11.43,20.27,36,7.17,"50,000.00",100.00
437,568,D8,13.28,23.26,36,9.85,"50,000.00",100.00
438,567,D8,11.93,21.09,36,9.55,"60,000.00",100.00
439,566,D7,12.69,22.31,36,6.3,"38,800.00",100.00
440,565,D7,12.69,22.31,36,8.15,"70,000.00",100.00
441,564,D7,11.43,20.27,36,6.51,"70,000.00",100.00
442,563,D7,10.73,19.13,36,7.5,"100,000.00",100.00
443,562,C5,11.08,19.70,36,3.72,"100,000.00",100.00
444,561,D7,12.19,21.51,36,8.69,"70,000.00",100.00
445,560,D7,12.19,21.51,36,8.15,"80,000.00",100.00
446,559,D7,12.19,21.51,36,8.69,"100,000.00",100.00
447,557,D7,11.43,20.60,24,7.38,"25,000.00",100.00
448,556,A1,9.78,17.55,36,0.86,"70,000.00",100.00
449,555,D7,10.73,19.13,36,6.3,"100,000.00",100.00
450,553,A1,9.28,16.71,12,1.54,"70,000.00",100.00
451,552,D7,12.69,22.31,36,8.97,"60,000.00",100.00
452,551,D8,13.28,23.26,36,9.55,"70,000.00",100.00
453,550,A1,8.63,15.78,24,2.84,"50,000.00",100.00
454,549,D7,12.69,22.31,36,7.17,"70,000.00",100.00
455,548,D7,12.69,22.31,36,7.9,"70,000.00",100.00
456,545,B3,10.59,18.89,36,3.37,"70,000.00",100.00
457,544,C6,10.93,19.75,24,4.85,"20,000.00",100.00
458,543,C6,12.08,21.33,36,5.72,"35,000.00",100.00
459,542,C6,12.08,21.33,36,4.39,"70,000.00",100.00
460,541,D7,12.69,22.31,36,7.17,"70,000.00",100.00
461,540,D7,11.43,20.60,24,6.59,"100,000.00",100.00
462,538,B4,11.08,19.70,36,3.6,"70,000.00",100.00
463,537,D7,10.73,19.13,36,7.03,"100,000.00",100.00
464,536,D7,10.73,19.13,36,8.97,"100,000.00",100.00
465,534,C5,11.58,20.52,36,4.11,"70,000.00",100.00
466,533,D7,12.69,22.73,24,8.69,"70,000.00",100.00
467,532,D7,10.73,19.41,24,8.97,"50,000.00",100.00
468,531,A1,9.78,17.55,36,1.49,"70,000.00",100.00
469,530,D8,12.78,22.89,24,10.81,"16,600.00",100.00
470,529,D7,10.98,19.54,36,7.17,"59,100.00",100.00
471,528,A1,9.28,16.72,36,0.61,"100,000.00",100.00
472,527,D7,11.43,20.27,36,8.97,"30,000.00",100.00
473,526,D8,13.28,23.72,24,9.55,"45,000.00",100.00
474,525,D7,12.19,21.89,24,8.15,"70,000.00",100.00
475,524,D7,12.19,21.51,36,8.15,"70,000.00",100.00
476,521,B4,10.28,18.38,36,3.58,"30,000.00",100.00
477,520,B3,10.59,18.89,36,3.48,"50,000.00",100.00
478,519,C6,10.93,19.45,36,4.85,"70,000.00",100.00
479,518,C6,10.93,19.75,24,4.54,"75,000.00",100.00
480,517,D7,12.18,21.88,24,6.10,"50,000.00",100.00
481,514,B4,9.93,18.04,24,3.6,"95,800.00",100.00
482,513,D8,11.48,20.69,24,9.66,"47,500.00",100.00
483,512,D8,11.93,21.09,36,9.25,"50,000.00",65.80
484,511,D8,12.78,22.46,36,11.5,"50,000.00",64.90
485,509,C6,12.08,21.40,10,5.35,"23,300.00",100.00
486,508,D7,12.69,22.31,36,8.15,"70,000.00",100.00
487,506,A1,9.28,16.91,24,2.49,"60,000.00",100.00
488,505,A1,9.28,16.71,36,1.83,"70,000.00",100.00
489,504,D7,12.19,21.51,36,7.9,"40,000.00",100.00
490,503,D7,12.69,22.73,24,6.51,"70,000.00",100.00
491,502,D7,12.69,22.31,36,8.97,"70,000.00",100.00
492,501,D7,12.69,22.73,24,8.15,"70,000.00",100.00
493,500,D7,10.73,19.41,24,8.97,"100,000.00",100.00
494,499,D7,12.19,21.51,36,8.97,"100,000.00",98.35
495,498,D8,13.28,23.26,36,11.5,"50,000.00",100.00
496,497,C6,11.58,20.52,36,5.35,"70,000.00",100.00
497,496,D7,12.18,21.49,36,8.15,"100,000.00",100.00
498,495,A1,8.78,15.83,12,0.34,"100,000.00",100.00
499,494,D7,10.98,19.84,24,8.79,"45,800.00",100.00
500,493,D7,12.69,22.31,36,8.15,"70,000.00",100.00
501,492,D8,11.93,21.09,36,10.48,"80,000.00",32.50
502,487,C6,11.58,20.52,36,5.53,"19,400.00",100.00
503,486,C6,11.58,20.52,36,5.91,"100,000.00",100.00
504,485,D8,13.28,23.26,36,11.5,"70,000.00",100.00
505,481,D7,12.19,21.89,24,6.1,"20,000.00",100.00
506,480,C6,12.08,21.71,24,4.85,"70,000.00",100.00
507,479,C6,12.08,21.33,36,5.35,"70,000.00",100.00
508,478,D7,12.69,22.31,36,8.42,"70,000.00",100.00
509,477,D7,10.98,19.54,36,6.73,"100,000.00",86.05
510,474,D8,12.78,22.89,24,10.48,"50,000.00",100.00
511,473,D8,11.93,21.09,36,9.85,"65,000.00",55.08
512,472,D7,11.78,20.84,36,7.38,"70,000.00",100.00
513,471,D8,11.23,19.95,36,9.22,"100,000.00",87.20
514,470,D8,11.93,21.09,36,9.66,"100,000.00",89.20
515,464,A1,9.28,16.91,24,1.49,"30,000.00",100.00
516,463,C6,10.93,19.75,24,5.91,"50,000.00",100.00
517,462,D7,12.19,21.89,24,6.73,"70,000.00",100.00
518,458,A2,9.69,17.62,24,2.94,"100,000.00",100.00
519,457,D7,12.19,20.60,6,7.9,"70,000.00",100.00
520,456,B3,10.59,18.89,36,3.48,"70,000.00",100.00
521,455,D8,12.78,22.46,36,11.15,"70,000.00",100.00
522,454,D7,10.73,19.41,24,7.41,"100,000.00",100.00
523,453,C6,11.58,20.52,36,4.54,"70,000.00",100.00
524,452,D7,12.19,21.51,36,8.69,"70,000.00",100.00
525,451,A1,9.28,16.72,36,2.32,"80,000.00",100.00
526,450,D7,12.19,21.51,36,6.73,"70,000.00",100.00
527,448,A1,9.28,16.71,12,0.34,"70,000.00",100.00
528,447,D7,12.69,22.31,36,6.95,"70,000.00",100.00
529,446,C5,11.08,20.01,24,4.11,"100,000.00",100.00
530,445,D8,11.23,19.95,36,9.66,"100,000.00",100.00
531,444,D7,10.73,19.13,36,6.18,"100,000.00",100.00
532,443,D8,12.28,22.04,24,9.85,"70,000.00",100.00
533,442,D8,11.23,20.26,24,9.25,"80,000.00",82.94
534,441,C6,10.23,18.30,36,4.67,"150,000.00",100.00
535,439,D7,12.69,22.31,36,7.41,"70,000.00",100.00
536,438,D7,11.43,20.27,36,7.41,"70,000.00",100.00
537,437,D8,12.78,22.89,24,9.25,"100,000.00",98.55
538,436,D7,12.19,21.51,36,6.73,"100,000.00",82.20
539,435,D8,11.23,19.95,36,9.25,"100,000.00",85.75
540,433,A1,9.28,16.72,36,0.61,"80,000.00",100.00
541,432,D7,12.69,22.73,24,6.3,"70,000.00",100.00
542,431,D7,12.19,21.51,36,7.65,"100,000.00",100.00
543,430,D7,11.43,20.27,36,6.18,"100,000.00",100.00
544,429,A1,9.78,17.55,36,2.17,"70,000.00",100.00
545,428,C6,10.93,19.45,36,5.18,"100,000.00",100.00
546,427,D7,10.73,19.25,12,6.3,"37,500.00",100.00
547,426,D7,12.69,22.31,36,6.1,"70,000.00",100.00
548,425,D7,12.19,21.51,36,8.15,"100,000.00",81.15
549,424,C6,11.28,20.03,36,4.39,"70,000.00",100.00
550,423,B3,10.09,18.07,36,3.25,"100,000.00",100.00
551,422,D7,12.19,21.51,36,8.15,"50,000.00",100.00
552,421,D7,11.43,20.27,36,7.41,"100,000.00",85.25
553,420,D8,11.93,21.45,24,9.85,"70,000.00",100.00
554,419,A1,9.78,17.55,36,1.65,"50,000.00",100.00
555,418,C6,10.23,18.30,36,5.98,"120,000.00",100.00
556,417,D7,12.19,21.51,36,6.95,"70,000.00",100.00
557,416,D7,12.19,21.51,36,8.97,"100,000.00",86.80
558,415,D7,11.43,20.27,36,7.9,"100,000.00",100.00
559,414,D8,11.23,19.95,36,11.86,"100,000.00",81.05
560,413,A1,9.28,16.72,36,0.73,"20,000.00",100.00
561,412,B3,10.59,19.17,24,3.37,"70,000.00",100.00
562,411,C6,12.08,21.33,36,5.91,"70,000.00",100.00
563,410,D7,10.73,19.41,24,8.42,"80,000.00",100.00
564,409,D7,11.43,20.27,36,8.69,"70,000.00",100.00
565,408,D7,12.69,22.31,36,6.73,"70,000.00",100.00
566,407,A2,10.19,18.23,36,3.15,"70,000.00",100.00
567,406,D8,13.28,23.72,24,11.86,"13,600.00",100.00
568,405,D7,10.73,19.13,36,8.52,"100,000.00",100.00
569,404,D8,11.23,19.95,36,10.48,"100,000.00",92.40
570,403,D7,12.19,21.89,24,6.73,"35,000.00",100.00
571,402,D7,12.69,22.31,36,8.15,"70,000.00",100.00
572,401,D8,12.78,22.89,24,9.25,"100,000.00",73.65
573,400,D8,11.23,19.95,36,9.25,"100,000.00",38.05
574,399,D8,11.93,21.09,36,9.85,"100,000.00",48.55
575,398,A1,9.78,17.78,24,1.3,"50,000.00",100.00
576,397,D8,13.28,23.26,36,9.55,"70,000.00",90.57
577,396,D7,10.73,19.13,36,7.9,"100,000.00",100.00
578,395,A1,8.63,15.62,36,2.83,"100,000.00",100.00
579,394,B4,10.28,18.38,36,3.58,"100,000.00",100.00
580,393,D7,12.69,22.31,36,8.15,"70,000.00",100.00
581,392,D8,11.23,20.26,24,9.36,"100,000.00",94.65
582,391,A1,9.28,16.72,36,0.81,"100,000.00",100.00
583,390,C6,10.93,19.75,24,5.72,"20,000.00",100.00
584,389,B3,10.59,18.89,36,3.25,"70,000.00",100.00
585,388,C6,10.23,18.30,36,4.99,"200,000.00",100.00
586,387,C6,11.58,20.86,24,5.01,"20,000.00",100.00
587,386,C6,11.58,20.86,24,5.53,"50,000.00",100.00
588,385,C6,11.58,20.52,36,5.35,"60,000.00",100.00
589,384,D7,11.43,20.60,24,8.79,"100,000.00",100.00
590,383,D7,12.19,21.51,36,8.69,"100,000.00",88.60
591,382,D7,10.73,19.13,36,8.42,"100,000.00",86.65
592,381,D7,11.43,20.27,36,7.14,"100,000.00",98.60
593,380,D8,11.93,21.45,24,9.85,"100,000.00",100.00
594,378,D8,11.93,21.45,24,10.48,"33,300.00",100.00
595,377,B3,9.44,16.98,36,3.35,"100,000.00",100.00
596,376,D7,12.69,22.73,24,6.73,"70,000.00",100.00
597,375,D7,12.19,21.51,36,8.97,"50,000.00",100.00
598,372,D7,12.69,22.73,24,7.65,"70,000.00",100.00
599,371,D7,12.69,22.31,36,8.69,"54,900.00",100.00
600,370,D7,12.69,22.31,36,6.51,"70,000.00",100.00
601,369,D8,11.23,19.95,36,11.5,"70,000.00",85.43
602,368,D8,11.23,19.95,36,9.85,"100,000.00",54.45
603,367,D7,10.73,19.13,36,7.17,"100,000.00",85.25
604,366,D7,10.73,19.13,36,6.3,"100,000.00",100.00
605,365,D8,12.28,21.65,36,9.55,"70,000.00",100.00
606,364,D7,11.43,20.27,36,7.65,"100,000.00",94.00
607,363,D7,10.73,19.13,36,6.7,"100,000.00",100.00
608,362,A1,9.78,17.55,36,2.17,"65,000.00",100.00
609,361,C6,10.23,18.30,36,5.69,"100,000.00",100.00
610,360,D7,11.43,20.27,36,7.9,"50,000.00",100.00
611,359,D8,12.78,22.89,24,11.86,"50,000.00",100.00
612,358,D7,10.73,19.45,18,8.15,"70,000.00",100.00
613,357,C6,11.58,20.86,24,4.69,"80,000.00",100.00
614,356,D8,11.93,21.45,24,9.55,"100,000.00",67.95
615,355,A1,9.78,17.55,36,0.32,"70,000.00",100.00
616,354,A2,10.19,18.23,36,3.04,"70,000.00",100.00
617,353,C6,11.58,20.52,36,5.01,"100,000.00",100.00
618,352,D7,11.43,20.27,36,7.65,"100,000.00",88.25
619,351,A2,9.69,17.62,24,3.04,"70,000.00",100.00
620,350,C5,11.08,20.05,18,3.72,"80,000.00",100.00
621,349,D7,12.69,22.31,36,8.97,"70,000.00",100.00
622,348,D8,11.93,21.09,36,9.85,"100,000.00",36.10
623,347,A1,9.28,16.71,36,2.57,"70,000.00",100.00
624,346,C5,11.08,19.70,36,3.85,"70,000.00",100.00
625,345,D8,12.28,21.94,12,10.81,"50,000.00",100.00
626,344,D7,12.19,21.89,24,6.95,"70,000.00",100.00
627,343,D7,12.19,21.51,36,6.73,"100,000.00",100.00
628,342,A1,9.78,17.78,24,0.45,"30,000.00",100.00
629,341,D7,11.43,20.27,36,6.1,"62,400.00",100.00
630,340,D7,11.78,20.84,36,8.15,"70,000.00",100.00
631,339,D7,11.08,19.86,12,6.3,"33,300.00",100.00
632,338,D8,12.78,22.46,36,10.48,"50,000.00",94.00
633,337,A1,9.28,16.72,36,2.75,"100,000.00",100.00
634,336,D7,12.69,22.31,36,8.42,"70,000.00",100.00
635,335,D7,12.19,21.51,36,6.3,"50,000.00",100.00
636,334,D7,11.43,20.60,24,8.69,"53,300.00",100.00
637,333,D8,13.28,23.26,36,9.85,"70,000.00",68.00
638,332,D7,11.43,20.27,36,8.69,"100,000.00",93.30
639,331,D8,11.93,21.09,36,10.77,"100,000.00",43.35
640,330,C5,11.58,20.52,36,4.11,"70,000.00",100.00
641,329,D7,12.68,22.30,36,8.15,"30,000.00",100.00
642,328,D7,12.69,22.31,36,7.41,"70,000.00",100.00
643,327,C6,11.58,20.52,36,5.91,"100,000.00",100.00
644,326,D8,11.23,20.26,24,10.16,"100,000.00",100.00
645,325,D8,10.98,19.54,36,10.48,"100,000.00",35.35
646,324,D8,12.78,22.46,36,10.48,"100,000.00",40.95
647,323,C6,11.58,20.52,36,5.53,"50,000.00",100.00
648,322,D8,11.93,21.09,36,9.55,"100,000.00",42.10
649,321,A1,9.78,17.55,36,2.57,"70,000.00",100.00
650,320,C6,12.08,21.33,36,4.54,"70,000.00",100.00
651,319,D8,13.28,23.26,36,11.86,"70,000.00",100.00
652,318,D7,10.73,19.45,18,6.08,"100,000.00",100.00
653,317,D8,11.23,19.95,36,9.25,"100,000.00",48.85
654,316,D7,12.19,21.51,36,8.15,"100,000.00",96.05
655,315,D7,10.73,19.13,36,6.59,"100,000.00",98.85
656,314,C6,11.58,20.52,36,5.18,"70,000.00",100.00
657,313,D7,12.18,21.49,36,6.30,"100,000.00",100.00
658,312,D7,10.73,19.13,36,7.41,"100,000.00",100.00
659,311,C6,11.58,20.52,36,4.54,"100,000.00",100.00
660,310,D7,12.19,21.51,36,7.41,"100,000.00",100.00
661,309,D7,10.73,19.13,36,6.73,"100,000.00",91.20
662,308,A1,9.78,17.55,36,0.73,"70,000.00",100.00
663,307,D7,12.69,22.31,36,8.42,"70,000.00",100.00
664,306,C6,10.23,18.30,36,5.35,"150,000.00",100.00
665,305,D8,11.93,21.09,36,11.86,"41,600.00",100.00
666,304,C6,10.93,19.45,36,5.01,"100,000.00",100.00
667,303,D7,12.19,21.51,36,6.1,"100,000.00",100.00
668,302,D7,11.43,20.27,36,6.18,"100,000.00",100.00
669,301,D7,12.69,22.31,36,8.15,"70,000.00",100.00
670,300,C6,10.23,18.30,36,5.91,"100,000.00",100.00
671,299,D7,12.19,21.51,36,7.41,"100,000.00",100.00
672,298,D7,12.19,21.89,24,8.69,"100,000.00",100.00
673,297,D7,11.43,20.27,36,6.51,"100,000.00",100.00
674,296,A1,9.28,16.71,36,2.25,"47,500.00",100.00
675,295,D7,10.73,19.41,24,7.38,"100,000.00",100.00
676,294,A1,8.78,15.87,36,2.32,"100,000.00",100.00
677,293,D8,12.78,22.46,36,9.55,"100,000.00",80.40
678,292,A1,9.78,17.55,36,0.86,"32,400.00",100.00
679,291,D7,10.73,19.41,24,6.81,"50,000.00",100.00
680,290,D7,12.69,22.31,36,7.9,"70,000.00",100.00
681,289,C6,11.58,20.52,36,5.91,"100,000.00",100.00
682,288,A1,9.78,17.55,36,2.32,"70,000.00",100.00
683,287,D7,12.19,21.51,36,7.65,"50,000.00",100.00
684,286,D7,12.69,22.31,36,6.51,"70,000.00",100.00
685,285,C6,10.23,18.30,36,5.98,"93,700.00",100.00
686,284,D7,11.43,20.27,36,6.3,"100,000.00",100.00
687,283,D8,13.28,23.72,24,10.16,"20,000.00",100.00
688,282,D8,12.78,22.46,36,10.48,"50,000.00",100.00
689,281,D7,12.69,22.31,36,6.73,"70,000.00",100.00
690,280,D7,12.19,21.51,36,6.95,"100,000.00",100.00
691,279,D8,11.93,21.09,36,11.86,"50,000.00",100.00
692,278,C6,12.08,21.33,36,4.54,"70,000.00",100.00
693,277,A1,9.78,17.55,36,0.73,"70,000.00",100.00
694,276,D7,12.69,22.31,36,6.3,"70,000.00",100.00
695,275,D7,10.73,19.13,36,7.26,"100,000.00",100.00
696,274,D7,11.43,20.27,36,8.15,"100,000.00",100.00
697,273,D7,10.73,19.13,36,8.69,"100,000.00",100.00
698,272,D8,12.78,22.46,36,11.86,"100,000.00",64.60
699,271,C6,10.48,18.71,36,4.16,"100,000.00",100.00
700,270,D8,11.58,20.52,36,9.25,"100,000.00",80.35
701,269,D7,12.19,21.51,36,7.41,"20,000.00",100.00
702,268,D7,12.69,22.73,24,8.69,"50,000.00",100.00
703,267,C6,11.08,19.70,36,5.53,"60,000.00",100.00
704,266,D8,11.23,19.95,36,11.11,"100,000.00",80.30
705,265,D8,12.78,22.46,36,10.48,"100,000.00",84.90
706,264,D8,12.28,21.65,36,9.55,"20,000.00",100.00
707,263,D7,10.73,19.13,36,7.41,"50,000.00",100.00
708,262,D7,12.69,22.73,24,6.3,"70,000.00",100.00
709,261,A1,9.78,17.55,36,1.49,"70,000.00",100.00
710,260,D8,12.78,22.46,36,9.85,"100,000.00",100.00
711,259,C6,12.08,21.33,36,5.72,"50,000.00",100.00
712,258,D7,10.73,19.13,36,8.69,"100,000.00",100.00
713,257,D7,10.73,19.13,36,6.3,"100,000.00",100.00
714,256,A1,9.78,17.55,36,0.55,"40,000.00",100.00
715,255,C6,11.58,20.86,24,4.54,"64,500.00",100.00
716,254,A1,9.78,17.55,36,0.78,"70,000.00",100.00
717,253,C6,11.58,20.86,24,5.72,"100,000.00",100.00
718,252,D7,11.43,20.27,36,6.73,"100,000.00",100.00
719,251,D7,12.19,21.51,36,8.97,"100,000.00",100.00
720,250,D7,10.73,19.13,36,8.12,"100,000.00",100.00
721,249,C6,10.23,18.30,36,5.53,"150,000.00",100.00
722,248,D8,12.78,22.46,36,10.48,"30,000.00",100.00
723,247,D7,12.69,22.31,36,6.73,"70,000.00",100.00
724,246,C6,11.58,20.52,36,5.72,"100,000.00",100.00
725,245,D7,12.19,21.51,36,6.95,"100,000.00",100.00
726,244,C6,12.08,21.33,36,4.39,"40,000.00",100.00
727,243,C6,12.08,21.33,36,5.72,"70,000.00",100.00
728,242,D7,10.73,19.44,22,6.51,"100,000.00",100.00
729,241,D7,10.73,19.41,24,6.28,"100,000.00",100.00
730,240,D7,10.73,19.13,36,7.74,"100,000.00",100.00
731,239,D8,11.23,19.95,36,11.86,"100,000.00",100.00
732,238,A2,8.44,15.45,24,3.04,"100,000.00",100.00
733,237,D7,11.43,20.60,24,6.92,"100,000.00",100.00
734,236,D7,12.69,22.31,36,8.97,"70,000.00",100.00
735,235,D7,12.19,21.51,36,6.51,"100,000.00",100.00
736,234,D8,11.23,19.95,36,10.16,"100,000.00",100.00
737,233,D7,11.24,19.96,36,6.3,"100,000.00",100.00
738,232,D8,11.14,19.80,36,11.15,"100,000.00",100.00
739,231,D7,12.69,22.73,24,6.1,"70,000.00",100.00
740,230,D7,11.99,21.18,36,8.69,"70,000.00",100.00
741,229,D7,9.34,17.02,24,6.49,"100,000.00",100.00
742,228,C6,10.34,18.74,24,5.01,"100,000.00",100.00
743,227,A1,8.04,14.75,24,2.49,"100,000.00",100.00
744,226,A2,8.14,14.92,24,3.13,"100,000.00",100.00
745,225,C6,11.09,20.03,24,5.18,"70,000.00",100.00
746,224,D7,9.34,17.02,24,7.65,"100,000.00",100.00
747,223,D8,12.69,22.73,24,10.81,"70,000.00",100.00
748,222,C6,11.09,19.72,36,5.35,"40,000.00",100.00
749,221,D8,11.94,21.10,36,9.85,"55,000.00",100.00
750,220,D8,12.69,22.31,36,9.25,"70,000.00",100.00
751,219,D7,11.99,21.18,36,6.95,"70,000.00",100.00
752,218,D7,11.74,20.78,36,8.97,"70,000.00",100.00
753,217,A1,8.04,14.62,36,1.9,"20,000.00",100.00
754,216,A1,8.04,14.62,36,2.17,"75,000.00",100.00
755,215,C6,10.34,18.48,36,4.54,"100,000.00",100.00
756,214,D7,11.99,21.18,36,7.41,"70,000.00",100.00
757,213,D8,12.69,22.31,36,10.48,"60,000.00",100.00
758,212,C6,8.54,15.62,24,5.35,"100,000.00",100.00
759,211,D8,9.94,18.05,24,10.16,"100,000.00",100.00
760,210,D7,11.24,19.96,36,8.97,"40,000.00",100.00
761,209,D7,10.44,18.91,24,6.92,"100,000.00",100.00
762,208,C6,10.34,18.48,36,5.18,"100,000.00",100.00
763,207,D8,11.94,21.10,36,10.48,"100,000.00",100.00
764,206,D8,9.94,17.82,36,10.48,"100,000.00",100.00
765,205,C6,8.54,15.61,18,5.79,"200,000.00",100.00
766,204,D7,11.24,19.96,36,6.51,"25,000.00",100.00
767,203,C6,10.34,18.48,36,5.35,"100,000.00",100.00
768,202,D7,9.34,16.82,36,7.17,"100,000.00",100.00
769,201,D7,11.24,19.96,36,6.95,"100,000.00",100.00
770,200,D7,9.34,16.82,36,8.42,"100,000.00",100.00
771,199,A1,8.04,14.75,24,1.96,"50,000.00",100.00
772,198,D8,9.96,18.09,24,11.5,"80,000.00",100.00
773,197,A2,7.64,13.93,36,3.08,"100,000.00",100.00
774,196,B3,8.84,15.97,36,3.48,"100,000.00",100.00
775,195,C6,10.34,18.48,36,4.54,"100,000.00",100.00
776,194,D7,10.44,18.65,36,8.42,"100,000.00",100.00
777,193,C6,8.54,15.47,36,5.51,"150,000.00",100.00
778,192,C6,8.54,15.47,36,5.08,"150,000.00",100.00
779,191,D7,11.99,21.18,36,8.15,"50,000.00",100.00
780,190,D7,11.99,21.18,36,7.17,"70,000.00",100.00
781,189,C6,10.34,18.48,36,5.72,"80,000.00",100.00
782,188,D8,12.69,22.31,36,11.15,"30,000.00",100.00
783,187,D8,12.69,22.73,24,11.86,"60,000.00",100.00
784,186,C5,10.79,19.22,36,4.11,"70,000.00",100.00
785,185,D7,11.99,21.18,36,6.1,"70,000.00",100.00
786,184,D7,11.99,21.18,36,6.95,"70,000.00",100.00
787,183,C6,10.34,18.48,36,5.91,"100,000.00",100.00
788,182,D8,11.14,20.11,24,11.5,"100,000.00",100.00
789,181,A1,8.79,15.89,36,2.66,"70,000.00",100.00
790,180,D7,9.34,17.02,24,6.92,"150,000.00",100.00
791,179,C6,11.09,20.03,24,5.01,"25,000.00",100.00
792,178,D8,11.94,21.10,36,11.5,"25,000.00",100.00
793,177,A1,8.79,16.06,24,1.65,"60,000.00",100.00
794,176,D7,11.99,21.18,36,6.51,"70,000.00",100.00
795,175,A1,8.79,15.89,36,1.65,"100,000.00",100.00
796,174,C6,8.79,15.89,36,4.75,"150,000.00",100.00
797,173,C6,11.09,20.03,24,5.01,"70,000.00",100.00
798,172,C6,8.79,15.89,36,4.16,"150,000.00",100.00
799,171,D8,9.96,17.85,36,9.55,"150,000.00",36.23
800,170,C6,11.09,20.03,24,5.72,"30,000.00",100.00
801,169,D7,11.99,21.55,24,8.15,"70,000.00",100.00
802,168,D7,11.24,20.28,24,8.97,"80,000.00",100.00
803,167,D7,11.24,19.96,36,7.41,"100,000.00",100.00
804,166,D7,11.24,19.96,36,7.65,"100,000.00",100.00
805,165,D7,10.44,18.65,36,8.15,"100,000.00",100.00
806,164,D8,9.96,17.85,36,9.85,"150,000.00",58.13
807,163,D8,11.94,21.10,36,10.48,"50,000.00",100.00
808,162,D7,11.99,21.18,36,8.97,"70,000.00",100.00
809,161,D7,9.34,16.82,36,7.26,"150,000.00",100.00
810,160,A1,8.04,14.75,24,1.9,"50,000.00",100.00
811,159,B3,8.84,15.97,36,3.37,"100,000.00",100.00
812,158,D7,11.24,19.96,36,7.41,"100,000.00",100.00
813,157,B3,8.84,15.97,36,3.37,"50,000.00",100.00
814,156,C6,10.04,17.98,36,4.39,"70,000.00",100.00
815,155,A1,8.04,14.62,36,2.57,"150,000.00",100.00
816,154,A1,8.79,16.06,24,0.73,"80,000.00",100.00
817,153,D7,10.44,18.65,36,6.1,"100,000.00",100.00
818,152,C6,11.09,19.72,36,5.72,"70,000.00",100.00
819,151,C5,10.79,19.51,24,3.85,"100,000.00",100.00
820,150,D7,11.24,19.96,36,8.97,"100,000.00",100.00
821,149,D8,11.14,19.80,36,9.85,"100,000.00",100.00
822,148,D8,11.24,19.96,36,10.16,"100,000.00",100.00
823,147,D7,10.44,18.65,36,7.65,"100,000.00",100.00
824,146,D8,9.96,17.85,36,11.15,"150,000.00",57.60
825,145,D7,11.24,19.96,36,7.65,"50,000.00",100.00
826,144,D7,11.99,21.18,36,7.65,"70,000.00",100.00
827,143,C5,9.49,17.07,36,3.72,"100,000.00",100.00
828,142,D7,10.44,18.91,24,6.18,"100,000.00",100.00
829,141,D8,9.96,17.85,36,11.5,"150,000.00",65.30
830,140,D7,11.74,21.01,12,7.65,"70,000.00",100.00
831,139,A1,8.79,15.89,36,2.84,"80,000.00",100.00
832,138,D7,11.99,21.55,24,6.1,"70,000.00",100.00
833,137,D7,10.44,18.94,18,6.73,"100,000.00",100.00
834,136,D7,11.99,21.55,24,6.3,"70,000.00",100.00
835,135,C6,8.54,15.62,24,5.72,"100,000.00",100.00
836,134,C6,10.34,18.48,36,5.01,"100,000.00",100.00
837,133,C6,8.79,15.89,36,5.53,"150,000.00",100.00
838,132,D8,12.69,22.31,36,11.5,"70,000.00",100.00
839,131,C6,9.54,17.36,24,4.39,"100,000.00",100.00
840,130,D8,9.96,18.09,24,11.64,"150,000.00",100.00
841,129,D8,12.69,22.73,24,10.81,"20,000.00",100.00
842,128,D7,11.99,21.18,36,6.73,"30,000.00",100.00
843,127,C6,11.09,20.03,24,5.91,"70,000.00",100.00
844,126,D7,11.99,21.55,24,6.51,"70,000.00",100.00
845,125,D7,11.24,19.96,36,6.3,"100,000.00",100.00
846,124,D7,9.59,17.45,24,7.74,"100,000.00",100.00
847,123,C6,10.34,18.48,36,5.72,"100,000.00",100.00
848,122,D7,11.24,19.96,36,6.51,"100,000.00",100.00
849,121,A1,8.04,14.75,24,1.06,"25,000.00",100.00
850,120,B3,9.59,17.23,36,3.37,"100,000.00",100.00
851,119,C6,8.54,15.47,36,5.51,"150,000.00",100.00
852,118,D7,10.44,18.65,36,8.69,"100,000.00",100.00
853,117,A1,8.79,16.06,24,2.75,"35,000.00",100.00
854,116,A1,8.04,14.62,36,1.83,"100,000.00",100.00
855,115,D7,11.24,19.96,36,6.73,"50,000.00",100.00
856,114,A1,8.04,14.75,24,1.6,"150,000.00",100.00
857,113,C6,8.54,15.47,36,5.35,"150,000.00",100.00
858,112,D7,11.24,19.96,36,6.73,"100,000.00",100.00
859,111,D8,11.94,21.10,36,10.81,"40,000.00",100.00
860,110,B4,8.64,15.64,36,3.58,"150,000.00",100.00
861,109,C6,10.84,19.44,12,4.25,"70,000.00",100.00
862,108,C6,9.54,17.36,24,5.53,"50,000.00",100.00
863,107,C6,11.09,20.03,24,4.25,"70,000.00",100.00
864,106,D8,11.94,21.10,36,9.85,"100,000.00",100.00
865,105,D7,10.44,18.65,36,7.38,"80,000.00",100.00
866,104,A1,8.79,15.89,36,2.4,"100,000.00",100.00
867,103,B3,9.59,17.23,36,3.48,"100,000.00",100.00
868,102,D7,11.99,21.18,36,6.95,"20,000.00",100.00
869,101,C6,8.54,15.62,24,5.42,"150,000.00",100.00
870,100,D8,11.14,19.80,36,9.55,"25,000.00",100.00
871,99,B3,8.84,16.15,24,3.37,"150,000.00",100.00
872,98,C6,11.09,19.72,36,4.25,"70,000.00",100.00
873,97,C6,10.34,18.48,36,5.91,"100,000.00",100.00
874,96,D8,9.96,17.85,36,11.86,"150,000.00",85.27
875,95,D7,11.24,19.96,36,8.97,"100,000.00",100.00
876,94,D7,9.34,16.82,36,6.49,"100,000.00",100.00
877,93,C6,11.09,20.03,24,5.35,"70,000.00",100.00
878,92,D7,9.34,17.02,24,6.28,"150,000.00",100.00
879,91,A1,8.79,16.06,24,0.45,"50,000.00",100.00
880,90,A2,7.64,14.04,24,3.04,"100,000.00",100.00
881,89,D7,10.44,18.65,36,8.12,"80,000.00",100.00
882,88,D7,9.34,17.02,24,6.1,"50,000.00",100.00
883,87,C6,11.09,20.03,24,5.53,"70,000.00",100.00
884,86,A1,8.79,15.89,36,0.34,"50,000.00",100.00
885,85,A1,8.79,15.89,36,0.73,"60,000.00",100.00
886,84,D8,9.96,17.85,36,9.55,"150,000.00",100.00
887,83,D7,10.44,18.91,24,6.1,"100,000.00",100.00
888,82,A1,8.79,16.06,24,1.14,"50,000.00",100.00
889,81,A1,8.79,15.89,36,2.25,"100,000.00",100.00
890,80,A1,8.79,16.06,24,2.03,"100,000.00",100.00
891,79,D8,12.69,22.73,24,10.48,"70,000.00",100.00
892,78,D7,11.24,19.96,36,6.73,"100,000.00",100.00
893,77,C5,8.59,15.71,24,3.77,"100,000.00",100.00
894,76,D7,10.44,18.65,36,8.15,"60,000.00",100.00
895,75,C5,10.04,18.23,24,3.72,"70,000.00",100.00
896,74,D7,11.99,21.55,24,7.9,"50,000.00",100.00
897,73,D7,9.34,17.02,24,6.69,"100,000.00",100.00
898,72,D7,11.99,21.55,24,8.42,"25,000.00",100.00
899,71,D8,11.94,21.47,24,11.5,"100,000.00",100.00
900,70,C6,8.54,15.62,24,5.72,"50,000.00",100.00
901,69,A1,8.79,16.06,24,1.26,"100,000.00",100.00
902,68,D7,10.44,18.65,36,7.03,"100,000.00",100.00
903,67,D7,10.44,18.91,24,6.49,"100,000.00",100.00
904,66,D7,9.34,17.02,24,8.42,"150,000.00",100.00
905,65,D8,12.69,22.73,24,10.81,"70,000.00",100.00
906,64,D7,9.34,17.02,24,6.1,"100,000.00",100.00
907,63,D7,11.24,19.96,36,7.17,"100,000.00",100.00
908,62,C6,10.84,19.31,36,4.54,"70,000.00",100.00
909,61,A1,7.79,14.08,12,0.55,"50,000.00",100.00
910,60,D7,10.44,18.65,36,8.12,"20,000.00",100.00
911,59,A1,8.04,14.75,24,2.75,"50,000.00",100.00
912,58,C6,8.79,16.06,24,4.6,"100,000.00",100.00
913,57,D7,9.34,17.02,24,6.81,"100,000.00",100.00
914,56,D8,12.69,22.73,24,10.48,"70,000.00",100.00
915,55,D7,9.34,17.02,24,8.97,"150,000.00",100.00
916,54,C6,8.29,14.96,12,4.75,"70,000.00",100.00
917,53,D7,11.99,21.55,24,7.65,"70,000.00",100.00
918,52,D7,11.24,20.28,24,6.51,"100,000.00",100.00
919,51,A1,8.04,14.75,24,2.66,"100,000.00",100.00
920,50,A1,8.79,16.06,24,2.66,"60,000.00",100.00
921,49,D7,11.99,21.55,24,8.15,"70,000.00",100.00
922,48,D7,11.24,20.28,24,6.3,"20,000.00",100.00
923,47,D7,9.34,17.02,24,6.95,"100,000.00",100.00
924,46,D7,10.44,18.65,36,6.81,"100,000.00",100.00
925,45,D7,9.34,16.82,36,8.25,"150,000.00",56.77
926,44,D8,9.96,18.09,24,11.15,"80,000.00",100.00
927,43,D7,9.59,17.23,36,6.73,"100,000.00",100.00
928,42,C6,8.54,15.62,24,5.91,"100,000.00",100.00
929,41,C6,8.29,15.04,36,5.35,"200,000.00",100.00
930,40,D8,11.14,20.11,24,11.86,"80,000.00",100.00
931,39,D8,9.96,18.09,24,10.28,"150,000.00",100.00
932,38,D8,12.69,22.73,24,9.25,"60,000.00",100.00
933,37,B3,9.59,17.45,24,3.37,"100,000.00",100.00
934,36,D7,11.99,21.55,24,8.42,"70,000.00",100.00
935,35,C6,10.34,18.74,24,4.25,"100,000.00",100.00
936,34,D7,9.34,17.02,24,7.38,"80,000.00",100.00
937,33,D8,12.69,22.73,24,12,"70,000.00",100.00
938,32,D7,9.34,17.02,24,6.73,"100,000.00",100.00
939,31,C6,11.09,20.03,24,5.35,"70,000.00",100.00
940,30,B4,10.19,18.23,36,3.6,"100,000.00",100.00
941,29,D8,11.69,20.92,12,9.55,"100,000.00",100.00
942,28,D7,9.09,16.37,12,8.38,"140,000.00",100.00
943,27,D7,11.99,21.55,24,8.15,"70,000.00",100.00
944,26,B3,7.85,14.41,24,5.53,"100,000.00",100.00
945,25,C5,9.24,16.65,36,11.86,"100,000.00",100.00
946,24,A2,6.95,12.82,24,2.94,"100,000.00",100.00
947,23,B4,7.84,14.40,24,7.65,"150,000.00",100.00
948,22,B4,8.09,14.84,24,8.42,"130,000.00",100.00
949,21,A1,6.99,12.89,24,1.41,"120,000.00",100.00
950,20,B4,9.04,16.50,24,8.15,"100,000.00",100.00
951,19,C6,8.24,14.88,12,8.15,"80,000.00",100.00
952,18,C6,7.99,14.43,12,8.97,"60,000.00",100.00
953,17,A2,8.05,14.76,24,3.37,"80,000.00",100.00
954,16,B3,7.85,14.41,24,3.41,"80,000.00",100.00
955,15,C6,8.24,14.96,36,11.15,"200,000.00",24.90
956,14,B4,8.54,15.62,24,7.65,"100,000.00",100.00
957,13,C6,8.24,15.10,24,8.97,"100,000.00",100.00
958,12,B4,7.84,14.37,18,7.41,"65,000.00",100.00
959,11,C6,7.99,14.53,36,11.15,"150,000.00",13.33
960,10,D7,8.75,15.82,36,8.38,"150,000.00",100.00
961,9,C6,7.74,14.10,36,6.51,"100,000.00",100.00
962,8,C6,7.74,14.10,36,8.97,"200,000.00",5.38
963,7,C6,7.74,14.10,36,5.42,"200,000.00",4.80
964,6,D7,8.65,15.65,36,9.07,"125,000.00",100.00
965,5,B3,6.65,12.29,24,4.54,"150,000.00",100.00
966,4,C6,7.74,14.10,36,5.25,"200,000.00",9.53
967,3,A2,9.39,16.90,36,3.6,"100,000.00",100.00
968,2,D7,9.95,18.07,24,9.25,"60,000.00",100.00
969,1,D7,8.65,14.68,6,8.42,"20,000.00",100.00
